id,first_name,last_name,email,gender,state,country
1,Juline,Curnick,jcurnick0@discovery.com,Female,Setúbal,Portugal
2,Teena,Senogles,tsenogles1@ocn.ne.jp,Female,,China
3,Sherlock,Ginnane,sginnane2@nymag.com,Male,,Russia
4,Jdavie,Gurnell,jgurnell3@si.edu,Male,,Indonesia
5,Emilia,Mussington,emussington4@bandcamp.com,Female,,Philippines
6,Anabella,Balloch,aballoch5@tuttocitta.it,Female,Alaska,United States
7,Marybelle,Cary,mcary6@nhs.uk,Female,,Indonesia
8,Roanna,Erett,rerett7@squidoo.com,Female,,Democratic Republic of the Congo
9,Dominic,Ridesdale,dridesdale8@multiply.com,Male,,Ukraine
10,Godfrey,Thairs,gthairs9@mail.ru,Non-binary,,Russia
11,Bartholomeus,Lesley,blesleya@moonfruit.com,Male,,Russia
12,Shayne,Lisciandro,slisciandrob@mozilla.com,Female,,Dominican Republic
13,Hughie,Flowitt,hflowittc@nasa.gov,Male,Provincie Zuid-Holland,Netherlands
14,Aline,Smickle,asmickled@ocn.ne.jp,Female,,Afghanistan
15,Marshall,Rubery,mruberye@army.mil,Male,,Bahamas
16,Ada,Labro,alabrof@webeden.co.uk,Non-binary,,Ecuador
17,Husein,Duchan,hduchang@tinypic.com,Male,,China
18,Ted,Billborough,tbillboroughh@51.la,Female,,China
19,Elwood,Edden,eeddeni@privacy.gov.au,Bigender,,Japan
20,Casar,Gilbanks,cgilbanksj@house.gov,Male,,Peru
21,Filmore,Corbould,fcorbouldk@state.gov,Male,,Poland
22,Jacintha,Seeney,jseeneyl@kickstarter.com,Female,,Russia
23,Lanette,McGorley,lmcgorleym@nyu.edu,Female,,Philippines
24,Marion,Armell,marmelln@cloudflare.com,Female,,Russia
25,Lonnie,Coulman,lcoulmano@symantec.com,Male,,Indonesia
26,Julee,O'Deoran,jodeoranp@paginegialle.it,Female,,Bolivia
27,Osmond,Renfrew,orenfrewq@wikispaces.com,Male,Florida,United States
28,Roze,Stoter,rstoterr@java.com,Female,,Russia
29,Gill,Peddersen,gpeddersens@fc2.com,Female,,Japan
30,Peggy,Boissieux,pboissieuxt@economist.com,Female,,Serbia
31,Hyatt,Hazelhurst,hhazelhurstu@webnode.com,Agender,,Brazil
32,Nedda,Brookbank,nbrookbankv@virginia.edu,Female,,Japan
33,Ingrim,Mathers,imathersw@w3.org,Agender,Jönköping,Sweden
34,Farly,Henryson,fhenrysonx@xrea.com,Male,,North Korea
35,Cazzie,Croyden,ccroydeny@stanford.edu,Male,Chihuahua,Mexico
36,Rina,Grealy,rgrealyz@deliciousdays.com,Female,,China
37,Corrine,Cameron,ccameron10@cafepress.com,Bigender,,Poland
38,Jacquelin,Albon,jalbon11@hc360.com,Female,Cantabria,Spain
39,Casar,Woodward,cwoodward12@usatoday.com,Male,,Russia
40,Anton,Tosney,atosney13@usgs.gov,Male,,Peru
41,Arnoldo,Fenner,afenner14@dedecms.com,Male,,Poland
42,Wallis,Adair,wadair15@earthlink.net,Female,Lisboa,Portugal
43,Cleon,Tonry,ctonry16@constantcontact.com,Male,,Indonesia
44,Charis,Blais,cblais17@ycombinator.com,Female,,Bulgaria
45,Hayward,Cattell,hcattell18@unblog.fr,Male,,China
46,Nikoletta,McKernan,nmckernan19@bbb.org,Female,,Indonesia
47,Lyle,Narducci,lnarducci1a@nba.com,Male,,China
48,Freemon,Grolmann,fgrolmann1b@un.org,Male,,Equatorial Guinea
49,Lelia,Lube,llube1c@census.gov,Female,,Dominica
50,Britte,Clubb,bclubb1d@fc2.com,Female,Île-de-France,France
51,Sherline,Carrick,scarrick1e@google.nl,Female,,Ecuador
52,Glynda,Urien,gurien1f@springer.com,Female,,China
53,Kelsey,Mosdill,kmosdill1g@pcworld.com,Female,,Belarus
54,Mindy,Hurdidge,mhurdidge1h@wikimedia.org,Female,,Thailand
55,Ardelle,Watling,awatling1i@clickbank.net,Female,,Russia
56,Elsworth,Cardillo,ecardillo1j@booking.com,Male,,Ukraine
57,Aloysia,Devereux,adevereux1k@technorati.com,Female,,China
58,Phillida,Seater,pseater1l@nyu.edu,Female,,Bulgaria
59,Clayborne,Rubberts,crubberts1m@google.co.jp,Male,Niederösterreich,Austria
60,Birgitta,McIlreavy,bmcilreavy1n@blogspot.com,Female,,Philippines
61,Latrina,Brok,lbrok1o@diigo.com,Female,,China
62,Corey,Berger,cberger1p@addthis.com,Male,,China
63,Marten,Sancroft,msancroft1q@uol.com.br,Non-binary,,Saudi Arabia
64,Dione,Jest,djest1r@virginia.edu,Female,,Brazil
65,Jess,Branford,jbranford1s@flickr.com,Female,,Philippines
66,Karoline,Lias,klias1t@wordpress.com,Female,,Madagascar
67,Orsa,Hentze,ohentze1u@i2i.jp,Female,,Indonesia
68,Lawton,La Padula,llapadula1v@state.gov,Male,,Brazil
69,Winthrop,Garretson,wgarretson1w@tiny.cc,Polygender,,Philippines
70,Michel,Willbond,mwillbond1x@salon.com,Female,,Indonesia
71,Mary,Varden,mvarden1y@china.com.cn,Female,,Armenia
72,Pru,Canelas,pcanelas1z@google.co.uk,Female,,China
73,Colan,Lines,clines20@wsj.com,Male,,Brazil
74,Roland,Rainer,rrainer21@army.mil,Male,,Peru
75,Rodie,Bottjer,rbottjer22@dedecms.com,Female,,China
76,Talya,Kingsland,tkingsland23@topsy.com,Female,,Japan
77,Merla,Pleasaunce,mpleasaunce24@alexa.com,Female,,Indonesia
78,Aloin,Fidilis,afidilis25@hhs.gov,Male,,Nigeria
79,Ibbie,Wilkisson,iwilkisson26@thetimes.co.uk,Female,Porto,Portugal
80,Cletis,Gorke,cgorke27@booking.com,Male,,Philippines
81,Milly,Iglesiaz,miglesiaz28@wikimedia.org,Female,,China
82,Nicolle,Orteu,norteu29@bluehost.com,Female,,Slovenia
83,Pierrette,Mayho,pmayho2a@army.mil,Female,,China
84,Davide,Cotes,dcotes2b@archive.org,Male,,Ghana
85,Justis,Bidgood,jbidgood2c@4shared.com,Male,Ohio,United States
86,Karel,Bartram,kbartram2d@posterous.com,Female,Terengganu,Malaysia
87,Dorolice,Heck,dheck2e@deviantart.com,Female,,China
88,Keelby,Steger,ksteger2f@dion.ne.jp,Male,,China
89,Cordy,Grewar,cgrewar2g@jiathis.com,Male,,China
90,Alonso,Ower,aower2h@statcounter.com,Male,,China
91,Izaak,Collison,icollison2i@vistaprint.com,Male,,China
92,Goldarina,Ducket,gducket2j@ameblo.jp,Female,,Indonesia
93,Eziechiele,Passingham,epassingham2k@google.de,Male,,China
94,Grover,Bleacher,gbleacher2l@engadget.com,Male,Stockholm,Sweden
95,Wrennie,Laurance,wlaurance2m@buzzfeed.com,Female,,China
96,Shaun,Terrazzo,sterrazzo2n@shinystat.com,Male,,Philippines
97,Winthrop,Screach,wscreach2o@constantcontact.com,Male,,Slovenia
98,Alexandra,Dowdall,adowdall2p@illinois.edu,Female,Jalisco,Mexico
99,Alysia,Hamer,ahamer2q@wunderground.com,Genderqueer,,China
100,Erinna,Scripture,escripture2r@shop-pro.jp,Female,California,United States
101,Syd,Endicott,sendicott2s@dyndns.org,Male,,China
102,Sue,Izakov,sizakov2t@google.fr,Female,,Croatia
103,Had,Bernardoux,hbernardoux2u@yelp.com,Male,,China
104,Carr,Aronsohn,caronsohn2v@patch.com,Male,,China
105,Ahmad,Zarb,azarb2w@i2i.jp,Male,,Thailand
106,Cherrita,Currom,ccurrom2x@businessinsider.com,Female,,China
107,Tanney,Backen,tbacken2y@wikimedia.org,Male,,Indonesia
108,Andriette,Loncaster,aloncaster2z@webmd.com,Female,Västra Götaland,Sweden
109,Berget,Theobold,btheobold30@independent.co.uk,Female,,Honduras
110,Ceil,Giddons,cgiddons31@home.pl,Female,,Indonesia
111,Maria,Causier,mcausier32@fda.gov,Agender,Porto,Portugal
112,Brockie,Barts,bbarts33@bloglines.com,Male,Île-de-France,France
113,Trev,Mollatt,tmollatt34@shareasale.com,Male,,Argentina
114,Berthe,Bedboro,bbedboro35@odnoklassniki.ru,Female,Texas,United States
115,Giacopo,Stollenhof,gstollenhof36@cpanel.net,Male,,China
116,Aleta,McGebenay,amcgebenay37@naver.com,Female,,Brazil
117,Wallie,Reddie,wreddie38@wisc.edu,Male,,Czech Republic
118,Aguie,Bullivent,abullivent39@wp.com,Male,,China
119,Johny,Lindenblatt,jlindenblatt3a@google.ru,Genderqueer,,China
120,Melisent,Scamel,mscamel3b@hud.gov,Female,,Mozambique
121,Kamilah,Rowlin,krowlin3c@google.com,Female,,Russia
122,Tobias,Gilling,tgilling3d@jimdo.com,Male,,Thailand
123,Cassandra,MacRannell,cmacrannell3e@php.net,Bigender,,Ireland
124,Karina,Markwell,kmarkwell3f@163.com,Genderfluid,,Brazil
125,Marsha,Patton,mpatton3g@1688.com,Female,,Nigeria
126,Halli,Francklyn,hfrancklyn3h@foxnews.com,Female,,Paraguay
127,Raimundo,Brimson,rbrimson3i@usgs.gov,Male,,Indonesia
128,Meridel,Lubomirski,mlubomirski3j@bigcartel.com,Female,,Brazil
129,Elsey,Paskerful,epaskerful3k@webnode.com,Agender,,Iran
130,Valli,Cheak,vcheak3l@wisc.edu,Female,,Russia
131,Bobbee,Theuff,btheuff3m@economist.com,Female,,Russia
132,Lynn,McLean,lmclean3n@163.com,Female,Pennsylvania,United States
133,Felisha,Benneyworth,fbenneyworth3o@about.me,Female,,Indonesia
134,Forrester,Crowne,fcrowne3p@youku.com,Male,,China
135,Karlik,Saggs,ksaggs3q@wp.com,Male,,Ukraine
136,Chico,Robbings,crobbings3r@networksolutions.com,Male,,Indonesia
137,Maximilian,Burrass,mburrass3s@furl.net,Polygender,,China
138,Homerus,Meins,hmeins3t@nationalgeographic.com,Male,,Czech Republic
139,Nariko,Scotney,nscotney3u@wunderground.com,Female,,China
140,Gipsy,Arenson,garenson3v@wisc.edu,Female,,Indonesia
141,Simonette,Hucks,shucks3w@studiopress.com,Female,Coimbra,Portugal
142,Webb,Mattiuzzi,wmattiuzzi3x@i2i.jp,Male,,Syria
143,Bernice,MacNamee,bmacnamee3y@yelp.com,Female,,Bulgaria
144,Spencer,Paulack,spaulack3z@studiopress.com,Male,,New Zealand
145,Dana,Darcey,ddarcey40@xinhuanet.com,Female,Viana do Castelo,Portugal
146,Janaye,Brumwell,jbrumwell41@dagondesign.com,Female,,Iran
147,Salaidh,Gooderson,sgooderson42@lulu.com,Female,,Zimbabwe
148,Hamid,Lugard,hlugard43@pcworld.com,Male,,China
149,Gennifer,O'Heagertie,goheagertie44@craigslist.org,Female,,China
150,Maximo,Chillingworth,mchillingworth45@symantec.com,Male,,Vietnam
151,Cullen,Brobeck,cbrobeck46@time.com,Male,Bourgogne,France
152,Stella,Ellwell,sellwell47@reference.com,Female,Mississippi,United States
153,Hannah,Costello,hcostello48@phpbb.com,Female,,Panama
154,Melisa,Syde,msyde49@altervista.org,Female,,Bulgaria
155,Sula,Coyish,scoyish4a@nbcnews.com,Female,,Cameroon
156,Tommie,Speariett,tspeariett4b@china.com.cn,Male,,Bosnia and Herzegovina
157,Jillene,Crease,jcrease4c@cargocollective.com,Female,,Brazil
158,Cordy,McRobb,cmcrobb4d@spotify.com,Male,,China
159,Foss,Siggs,fsiggs4e@myspace.com,Male,,Russia
160,Oralia,Wisdom,owisdom4f@telegraph.co.uk,Genderqueer,,China
161,Rodolph,Pedley,rpedley4g@usa.gov,Male,,China
162,Rachel,Long,rlong4h@house.gov,Female,Skåne,Sweden
163,Alejandro,Antosik,aantosik4i@seesaa.net,Male,Ohio,United States
164,Latisha,Jursch,ljursch4j@state.gov,Female,Texas,United States
165,William,Filipponi,wfilipponi4k@constantcontact.com,Male,,Czech Republic
166,Iona,Capin,icapin4l@boston.com,Female,,Serbia
167,Keven,Pyzer,kpyzer4m@examiner.com,Bigender,,Lithuania
168,Evie,Barnish,ebarnish4n@gov.uk,Female,,Indonesia
169,Helyn,Grassi,hgrassi4o@economist.com,Female,,Iran
170,Vaughan,Dies,vdies4p@pen.io,Male,Saskatchewan,Canada
171,Ki,Pass,kpass4q@pcworld.com,Female,,Poland
172,Wenonah,Colvie,wcolvie4r@loc.gov,Female,,Russia
173,Daryl,Shills,dshills4s@telegraph.co.uk,Female,,Egypt
174,Morton,Figgess,mfiggess4t@gov.uk,Polygender,,China
175,Burnard,Bezemer,bbezemer4u@so-net.ne.jp,Male,,Poland
176,Sadie,Corsor,scorsor4v@youku.com,Female,Västmanland,Sweden
177,Kikelia,Sketch,ksketch4w@istockphoto.com,Female,,Macedonia
178,Charisse,Marciek,cmarciek4x@jimdo.com,Female,,Chile
179,Doretta,Scoffham,dscoffham4y@sohu.com,Female,,China
180,Ursula,Enrigo,uenrigo4z@mozilla.com,Female,Illinois,United States
181,Jaimie,Guyver,jguyver50@shutterfly.com,Genderfluid,,Indonesia
182,Natassia,Tollerton,ntollerton51@princeton.edu,Female,,Brazil
183,Viola,Pyett,vpyett52@berkeley.edu,Female,,Panama
184,Neel,O'Lunney,nolunney53@typepad.com,Male,,China
185,Clevey,Simpole,csimpole54@mozilla.org,Male,,China
186,Quinta,Isherwood,qisherwood55@devhub.com,Polygender,,Russia
187,Jillene,Leebetter,jleebetter56@about.com,Female,,Democratic Republic of the Congo
188,Justino,Matthewman,jmatthewman57@slideshare.net,Agender,,Poland
189,Richardo,Riby,rriby58@twitter.com,Male,,Gambia
190,Codie,Dow,cdow59@nbcnews.com,Female,,Israel
191,Rafaelia,Lawland,rlawland5a@wp.com,Female,,Morocco
192,Bourke,Maud,bmaud5b@vkontakte.ru,Male,,Greece
193,Thorndike,Brandts,tbrandts5c@fotki.com,Male,,Philippines
194,Nananne,Balaison,nbalaison5d@issuu.com,Female,Jönköping,Sweden
195,Kathleen,Manuely,kmanuely5e@blogs.com,Female,,Japan
196,Marmaduke,Jorck,mjorck5f@symantec.com,Male,,Philippines
197,Tripp,Orrum,torrum5g@nhs.uk,Male,,Cuba
198,Eleni,Ayling,eayling5h@nifty.com,Female,,Israel
199,Keane,Howen,khowen5i@auda.org.au,Male,,Central African Republic
200,Montgomery,Dodgshon,mdodgshon5j@jimdo.com,Male,,Argentina
201,Golda,Sangster,gsangster5k@opensource.org,Female,,Indonesia
202,Adler,Portchmouth,aportchmouth5l@amazon.com,Male,,Greece
203,Valerie,Itzakovitz,vitzakovitz5m@quantcast.com,Female,,Russia
204,Bill,Fishly,bfishly5n@cpanel.net,Male,,Egypt
205,Wade,Spencook,wspencook5o@webs.com,Male,Sabah,Malaysia
206,Ninetta,Busch,nbusch5p@gov.uk,Female,,Indonesia
207,Tresa,McGreary,tmcgreary5q@gravatar.com,Female,Porto,Portugal
208,Prentiss,Baillie,pbaillie5r@etsy.com,Male,,Poland
209,Colin,Grunson,cgrunson5s@bloglovin.com,Male,,China
210,Ros,Barajas,rbarajas5t@multiply.com,Female,,Poland
211,Franz,Bernhard,fbernhard5u@blog.com,Male,,Morocco
212,Kenny,Mulmuray,kmulmuray5v@yandex.ru,Male,,Thailand
213,Jodie,Lorent,jlorent5w@woothemes.com,Agender,,Japan
214,Trixy,Vardy,tvardy5x@naver.com,Female,Florida,United States
215,Dianna,Perassi,dperassi5y@dell.com,Female,,Indonesia
216,Caterina,Macci,cmacci5z@nasa.gov,Female,,Kazakhstan
217,Rene,Mc Menamin,rmcmenamin60@state.gov,Male,Ontario,Canada
218,Farlee,Cattenach,fcattenach61@samsung.com,Male,Guarda,Portugal
219,Nate,Passfield,npassfield62@instagram.com,Male,Delaware,United States
220,Luella,Klyner,lklyner63@aol.com,Polygender,,Indonesia
221,Susi,Jenyns,sjenyns64@si.edu,Female,,Brazil
222,Benedicto,Angove,bangove65@reddit.com,Male,,Russia
223,Hayes,Paye,hpaye66@nyu.edu,Bigender,,Russia
224,Constantine,Flatman,cflatman67@163.com,Male,Uppsala,Sweden
225,Laurence,Walshaw,lwalshaw68@alibaba.com,Male,,Japan
226,Flinn,Knowlden,fknowlden69@digg.com,Genderfluid,,Colombia
227,Tadio,Engeham,tengeham6a@wsj.com,Male,Provincie Limburg,Netherlands
228,Maxy,Caghan,mcaghan6b@irs.gov,Female,,China
229,Laryssa,Casine,lcasine6c@columbia.edu,Female,,Ecuador
230,Alick,Attew,aattew6d@cbc.ca,Male,Michoacan De Ocampo,Mexico
231,Sissie,Vinter,svinter6e@answers.com,Female,,Argentina
232,Patrick,Trye,ptrye6f@xing.com,Male,,China
233,Tildy,Fretwell,tfretwell6g@wikipedia.org,Female,,Thailand
234,Elden,Larver,elarver6h@dailymail.co.uk,Male,,Guatemala
235,Trixie,Schlag,tschlag6i@issuu.com,Female,,China
236,Cori,Benduhn,cbenduhn6j@who.int,Female,,China
237,Babara,Karlowicz,bkarlowicz6k@mayoclinic.com,Female,,Peru
238,Brandea,Mahoney,bmahoney6l@nyu.edu,Female,,Serbia
239,Crystie,Offord,cofford6m@mapy.cz,Female,,Czech Republic
240,Shina,Pleasance,spleasance6n@pbs.org,Female,Pays de la Loire,France
241,Coral,Gaskins,cgaskins6o@indiatimes.com,Female,,China
242,Tracey,Thompkins,tthompkins6p@cdc.gov,Female,,China
243,Arluene,Leere,aleere6q@ezinearticles.com,Female,,Indonesia
244,Anette,Crollman,acrollman6r@noaa.gov,Female,,Lithuania
245,Durward,Laugharne,dlaugharne6s@spiegel.de,Male,,Chile
246,Rooney,Bulger,rbulger6t@bigcartel.com,Male,,China
247,Ardeen,Blazi,ablazi6u@statcounter.com,Female,Ohio,United States
248,Muhammad,Wegman,mwegman6v@cmu.edu,Male,,China
249,Cornelle,Lossman,clossman6w@virginia.edu,Female,,China
250,Beauregard,Parvin,bparvin6x@about.me,Male,,Russia
251,Antonin,Aronov,aaronov6y@washington.edu,Agender,,Thailand
252,Deny,Kingman,dkingman6z@bluehost.com,Female,,Indonesia
253,Peggy,Pacher,ppacher70@issuu.com,Female,,China
254,Idell,Dik,idik71@apple.com,Female,,Jordan
255,Lanni,Fydoe,lfydoe72@com.com,Female,Värmland,Sweden
256,Tersina,Weson,tweson73@hc360.com,Genderqueer,,Philippines
257,Malinde,Weins,mweins74@foxnews.com,Female,,China
258,Jodi,Mephan,jmephan75@last.fm,Male,,Kenya
259,Germain,Fost,gfost76@nifty.com,Male,,China
260,Joanie,Jayme,jjayme77@china.com.cn,Female,,China
261,Chelsae,Tugwell,ctugwell78@paypal.com,Female,,Russia
262,Helli,Manzell,hmanzell79@odnoklassniki.ru,Female,California,United States
263,Stephanus,Risdale,srisdale7a@utexas.edu,Agender,Lisboa,Portugal
264,Neville,Ysson,nysson7b@samsung.com,Male,,China
265,Jefferey,Sisson,jsisson7c@dmoz.org,Male,,China
266,Kimble,Letrange,kletrange7d@com.com,Male,,Venezuela
267,Cissy,Manie,cmanie7e@zimbio.com,Female,,Philippines
268,Shanan,Brandenburg,sbrandenburg7f@washington.edu,Male,,Poland
269,Amy,Meffan,ameffan7g@spotify.com,Female,,China
270,Chicky,Aylmore,caylmore7h@acquirethisname.com,Male,,Argentina
271,Filippa,Waghorn,fwaghorn7i@irs.gov,Female,,Russia
272,Kristel,Wethered,kwethered7j@smh.com.au,Female,Västmanland,Sweden
273,Kandace,Heathorn,kheathorn7k@twitter.com,Female,,Thailand
274,Jobina,Etheredge,jetheredge7l@imageshack.us,Female,Västerbotten,Sweden
275,Albrecht,Simacek,asimacek7m@ucla.edu,Male,,China
276,Krystal,Errey,kerrey7n@biglobe.ne.jp,Female,,Poland
277,Alexander,Farfalameev,afarfalameev7o@merriam-webster.com,Male,,China
278,Lodovico,Golagley,lgolagley7p@nps.gov,Male,,Indonesia
279,Connie,Cracknall,ccracknall7q@alexa.com,Bigender,,Cuba
280,Yevette,Toping,ytoping7r@economist.com,Female,,Pakistan
281,Mariette,Keems,mkeems7s@blogger.com,Female,,Russia
282,Clarie,Pendred,cpendred7t@cbsnews.com,Female,,Morocco
283,Doralia,De Gogay,ddegogay7u@nationalgeographic.com,Female,Jämtland,Sweden
284,Siusan,Bernardi,sbernardi7v@icq.com,Female,,South Africa
285,Jacynth,Lindfors,jlindfors7w@domainmarket.com,Female,Bretagne,France
286,Arnie,Blanchette,ablanchette7x@auda.org.au,Male,Västra Götaland,Sweden
287,Alice,Tie,atie7y@fotki.com,Female,,China
288,Ashley,Bedberry,abedberry7z@loc.gov,Male,,China
289,Saunderson,Blitz,sblitz80@archive.org,Male,,Dominican Republic
290,Wait,Unger,wunger81@columbia.edu,Male,,Syria
291,Ariel,Abramsky,aabramsky82@liveinternet.ru,Female,,Bangladesh
292,Des,Laverack,dlaverack83@forbes.com,Male,,Afghanistan
293,Norma,Langley,nlangley84@godaddy.com,Female,Bourgogne,France
294,Lon,Crann,lcrann85@ibm.com,Male,Texas,United States
295,Etta,Hooke,ehooke86@hao123.com,Polygender,,Mongolia
296,Katy,Foan,kfoan87@yellowpages.com,Female,,Estonia
297,Starla,Dempster,sdempster88@sohu.com,Female,,Russia
298,Enrico,Bamforth,ebamforth89@slashdot.org,Male,Uppsala,Sweden
299,Turner,Courtliff,tcourtliff8a@exblog.jp,Non-binary,,Indonesia
300,Marcela,Jefferson,mjefferson8b@merriam-webster.com,Female,,Russia
301,Hayden,Nesby,hnesby8c@apple.com,Male,,Ukraine
302,Malissa,Deguara,mdeguara8d@hud.gov,Female,,China
303,Antonio,Mortlock,amortlock8e@meetup.com,Male,,China
304,Cristionna,Hawkswood,chawkswood8f@xrea.com,Female,,China
305,Kristel,Armsden,karmsden8g@imdb.com,Female,,Ethiopia
306,Brannon,Wilcox,bwilcox8h@pinterest.com,Male,,Russia
307,Goldy,MacMickan,gmacmickan8i@theatlantic.com,Female,,China
308,Thomasine,Ryall,tryall8j@tinypic.com,Female,,China
309,Winny,Vann,wvann8k@biglobe.ne.jp,Male,,China
310,Joey,Allchorne,jallchorne8l@google.it,Male,,China
311,Quinton,Arnholdt,qarnholdt8m@sina.com.cn,Male,,Poland
312,Darci,Rosentholer,drosentholer8n@princeton.edu,Polygender,,Indonesia
313,Karia,Kiln,kkiln8o@google.de,Female,,Russia
314,Britney,Poulsum,bpoulsum8p@ed.gov,Female,,Lithuania
315,Cullin,Adney,cadney8q@uiuc.edu,Male,,China
316,Trenton,Tebbet,ttebbet8r@slate.com,Male,,Russia
317,Winna,Faussett,wfaussett8s@cargocollective.com,Female,,Andorra
318,Riordan,Strother,rstrother8t@dell.com,Male,,Morocco
319,Katlin,Bust,kbust8u@skyrock.com,Female,,Tajikistan
320,Lacey,Cobbald,lcobbald8v@omniture.com,Female,,Russia
321,Janaya,Thomkins,jthomkins8w@yelp.com,Female,,Vietnam
322,Cyrillus,Filchakov,cfilchakov8x@sogou.com,Male,,Peru
323,Edythe,Mochan,emochan8y@japanpost.jp,Female,,China
324,Noreen,Scrauniage,nscrauniage8z@time.com,Female,,Greece
325,Deane,Burkart,dburkart90@slate.com,Male,,Ukraine
326,Julius,Jarad,jjarad91@printfriendly.com,Male,,Greece
327,Lurlene,Skentelbery,lskentelbery92@netlog.com,Agender,,Russia
328,Elsinore,Crutcher,ecrutcher93@pen.io,Genderfluid,,Brazil
329,Antoni,Leal,aleal94@zimbio.com,Male,,Indonesia
330,Gus,Swanwick,gswanwick95@i2i.jp,Female,,China
331,Twila,Tudge,ttudge96@about.com,Female,,Indonesia
332,Josepha,Merriman,jmerriman97@jiathis.com,Female,,Philippines
333,Kata,Flott,kflott98@narod.ru,Female,,Indonesia
334,Jemmy,Vonasek,jvonasek99@netlog.com,Female,,Peru
335,Zerk,Wyvill,zwyvill9a@wordpress.com,Male,,China
336,Florance,Bromidge,fbromidge9b@friendfeed.com,Polygender,,Russia
337,Winston,Malyon,wmalyon9c@usa.gov,Male,,Ghana
338,Zacherie,Bowfin,zbowfin9d@hostgator.com,Male,,China
339,Baxie,Northam,bnortham9e@economist.com,Bigender,,Philippines
340,Grazia,Peacey,gpeacey9f@cam.ac.uk,Female,,Indonesia
341,Yalonda,Banke,ybanke9g@gizmodo.com,Female,,Indonesia
342,Katuscha,Tallet,ktallet9h@hp.com,Female,,Poland
343,Wilhelmina,Haslam,whaslam9i@nyu.edu,Female,,Nigeria
344,Eleen,Fulun,efulun9j@yandex.ru,Female,,Serbia
345,Staci,Keirle,skeirle9k@squarespace.com,Female,Region Hovedstaden,Denmark
346,Oliy,Gritton,ogritton9l@bbc.co.uk,Female,Ohio,United States
347,Anna-diana,Baudacci,abaudacci9m@sogou.com,Genderfluid,,Japan
348,Harald,Cloney,hcloney9n@walmart.com,Male,,China
349,Corny,Daingerfield,cdaingerfield9o@mtv.com,Male,New Mexico,United States
350,Marybeth,Tellenbroker,mtellenbroker9p@flickr.com,Female,,Indonesia
351,Brietta,Dalligan,bdalligan9q@pcworld.com,Female,,Uzbekistan
352,Antonino,Cranham,acranham9r@eepurl.com,Male,,China
353,Debi,Dallon,ddallon9s@goo.gl,Female,,China
354,Paten,Dowers,pdowers9t@t.co,Male,,Pakistan
355,Sterne,Woodcock,swoodcock9u@gnu.org,Genderqueer,Île-de-France,France
356,Toby,Kennedy,tkennedy9v@slashdot.org,Female,,Poland
357,Jena,Keunemann,jkeunemann9w@cocolog-nifty.com,Bigender,Centre,France
358,Cesya,Roark,croark9x@51.la,Female,,Yemen
359,Donalt,Gallally,dgallally9y@themeforest.net,Male,,Mongolia
360,Antonetta,Corradeschi,acorradeschi9z@va.gov,Female,,China
361,Evangelia,Pavlasek,epavlaseka0@g.co,Female,,Ukraine
362,Jody,Shoute,jshoutea1@newyorker.com,Male,,Russia
363,Morey,Salway,msalwaya2@boston.com,Genderfluid,Västerbotten,Sweden
364,Devy,Timothy,dtimothya3@slideshare.net,Male,,Poland
365,Hillel,Janouch,hjanoucha4@123-reg.co.uk,Male,,Sierra Leone
366,Lilla,Teresse,lteressea5@ucla.edu,Female,,Cambodia
367,Claudelle,Butler-Bowdon,cbutlerbowdona6@tiny.cc,Female,,Indonesia
368,Carolus,Lamy,clamya7@tiny.cc,Male,,China
369,Matthieu,Shelmerdine,mshelmerdinea8@patch.com,Male,,Indonesia
370,Cullen,Hyndes,chyndesa9@apple.com,Male,,Colombia
371,Tiphany,Thomkins,tthomkinsaa@google.cn,Genderfluid,,Albania
372,Benny,Ranger,brangerab@msn.com,Female,,Brazil
373,Alwyn,Palffrey,apalffreyac@geocities.com,Male,,Ukraine
374,Roderigo,Karle,rkarlead@intel.com,Male,,China
375,Margot,Hagard,mhagardae@google.it,Female,,Iran
376,Ludwig,McCafferky,lmccafferkyaf@washington.edu,Male,Île-de-France,France
377,Linc,Trebilcock,ltrebilcockag@pagesperso-orange.fr,Male,,Russia
378,Linoel,Schach,lschachah@nba.com,Genderqueer,,South Korea
379,Roberta,Bows,rbowsai@time.com,Female,,China
380,Vaughn,Sobczak,vsobczakaj@desdev.cn,Male,,China
381,Cash,Houselee,chouseleeak@skype.com,Male,,China
382,Elwira,Coulthard,ecoulthardal@4shared.com,Female,,China
383,Trish,Brimman,tbrimmanam@gravatar.com,Female,,Brazil
384,Nolan,Leborgne,nleborgnean@surveymonkey.com,Non-binary,,Poland
385,Datha,Shall,dshallao@cafepress.com,Female,Nova Scotia,Canada
386,Tommie,Blaszczynski,tblaszczynskiap@seesaa.net,Female,,Philippines
387,Adelheid,Espinay,aespinayaq@globo.com,Female,,China
388,Ania,Greatex,agreatexar@csmonitor.com,Female,,Yemen
389,Myron,Tropman,mtropmanas@disqus.com,Male,,Greece
390,Hailey,Duncanson,hduncansonat@mysql.com,Male,,China
391,Gustaf,Shearsby,gshearsbyau@freewebs.com,Male,,Philippines
392,Archaimbaud,Emmatt,aemmattav@sina.com.cn,Male,,China
393,Augustine,Ruscoe,aruscoeaw@cdbaby.com,Female,,Mongolia
394,Madalena,Pierton,mpiertonax@earthlink.net,Female,,Philippines
395,Rutherford,Tanman,rtanmanay@engadget.com,Male,,Peru
396,Den,Chipchase,dchipchaseaz@shareasale.com,Male,,Greece
397,Magdalena,Filewood,mfilewoodb0@usgs.gov,Female,Kanton Zürich,Switzerland
398,Anissa,Shervil,ashervilb1@youtu.be,Female,,Indonesia
399,Lawrence,Coverlyn,lcoverlynb2@wordpress.org,Male,,Indonesia
400,Robby,Pemberton,rpembertonb3@globo.com,Male,,Japan
401,Mellisa,Burdis,mburdisb4@nytimes.com,Female,,Chad
402,Susanetta,Jukubczak,sjukubczakb5@spotify.com,Female,,Russia
403,Alva,Perroni,aperronib6@bigcartel.com,Male,,South Africa
404,Vinny,Bowlas,vbowlasb7@nba.com,Female,Niedersachsen,Germany
405,Fleur,Bridgens,fbridgensb8@chron.com,Female,Île-de-France,France
406,Ly,Birdsall,lbirdsallb9@hibu.com,Genderfluid,,Colombia
407,Alwyn,Summerson,asummersonba@baidu.com,Male,,Argentina
408,Leodora,Farran,lfarranbb@mashable.com,Female,,Indonesia
409,Faythe,Gopsell,fgopsellbc@parallels.com,Female,,Russia
410,Kaycee,Iczokvitz,kiczokvitzbd@nsw.gov.au,Female,,Brazil
411,Rem,Gresham,rgreshambe@hatena.ne.jp,Male,,Russia
412,Xavier,Janouch,xjanouchbf@oracle.com,Genderqueer,Stockholm,Sweden
413,Ban,Copnar,bcopnarbg@yellowpages.com,Male,,Czech Republic
414,Eugenio,Ornils,eornilsbh@hc360.com,Male,Tamaulipas,Mexico
415,Kevon,Gabitis,kgabitisbi@moonfruit.com,Male,Idaho,United States
416,Lief,Le Fleming,lleflemingbj@com.com,Male,Lisboa,Portugal
417,Wadsworth,Lawrey,wlawreybk@desdev.cn,Male,,Philippines
418,Roanne,Lilly,rlillybl@cnbc.com,Female,,Philippines
419,Shaun,Hallows,shallowsbm@istockphoto.com,Female,Gävleborg,Sweden
420,Edgard,Yuill,eyuillbn@unesco.org,Male,,Philippines
421,Janetta,Hadeke,jhadekebo@howstuffworks.com,Female,,Zimbabwe
422,Rourke,Jezard,rjezardbp@pen.io,Male,Alsace,France
423,Buffy,Pendergast,bpendergastbq@nba.com,Female,,China
424,Graehme,Gullam,ggullambr@epa.gov,Male,Porto,Portugal
425,Roch,Denziloe,rdenziloebs@ebay.co.uk,Female,,Sri Lanka
426,Alic,Gutowska,agutowskabt@altervista.org,Male,,China
427,Faina,Shury,fshurybu@foxnews.com,Female,,Nigeria
428,Liesa,Corck,lcorckbv@mozilla.com,Female,,Japan
429,Jo,Swettenham,jswettenhambw@dagondesign.com,Female,,New Zealand
430,Ricky,Sabberton,rsabbertonbx@eepurl.com,Male,,Guatemala
431,Keene,Willerstone,kwillerstoneby@businesswire.com,Male,Skåne,Sweden
432,Mala,Nanni,mnannibz@illinois.edu,Female,,Indonesia
433,Vernice,Segrott,vsegrottc0@1und1.de,Female,,Poland
434,Celestyn,Izard,cizardc1@mashable.com,Female,Östergötland,Sweden
435,Lindsey,Galey,lgaleyc2@gnu.org,Male,,Brazil
436,Collette,Swepstone,cswepstonec3@amazonaws.com,Female,,El Salvador
437,Holly-anne,Cranmere,hcranmerec4@squarespace.com,Female,,Dominican Republic
438,Codie,Tassel,ctasselc5@xing.com,Genderfluid,Porto,Portugal
439,Townie,Grattan,tgrattanc6@shinystat.com,Male,,Russia
440,Ethe,Litt,elittc7@utexas.edu,Male,,Poland
441,Isador,Dudeney,idudeneyc8@squidoo.com,Male,,Philippines
442,Wright,Giotto,wgiottoc9@constantcontact.com,Male,,South Sudan
443,Rosalind,Yateman,ryatemanca@jiathis.com,Female,,Japan
444,Francoise,Cockland,fcocklandcb@ask.com,Polygender,,Honduras
445,Clarke,Elwood,celwoodcc@unblog.fr,Male,,Indonesia
446,Terrye,Skitral,tskitralcd@eventbrite.com,Female,,Japan
447,Maisey,Catonnet,mcatonnetce@tumblr.com,Female,,Mali
448,Mariel,Sprague,mspraguecf@marketwatch.com,Female,,Indonesia
449,Jillie,Josifovitz,jjosifovitzcg@yolasite.com,Female,Picardie,France
450,Brear,McQueen,bmcqueench@yellowpages.com,Female,,China
451,Lazaro,Rawling,lrawlingci@redcross.org,Male,,China
452,Burnaby,Juza,bjuzacj@e-recht24.de,Male,,China
453,Pattie,Gumby,pgumbyck@stumbleupon.com,Female,Mexico,Mexico
454,Efren,Starbuck,estarbuckcl@indiegogo.com,Male,,China
455,Flinn,Kingsmill,fkingsmillcm@merriam-webster.com,Male,Vila Real,Portugal
456,Jeth,Caslake,jcaslakecn@yellowpages.com,Male,,Kazakhstan
457,Charil,Pudden,cpuddenco@amazonaws.com,Female,,China
458,Shirl,Franzotto,sfranzottocp@unc.edu,Female,,China
459,Chrystal,Bromfield,cbromfieldcq@imdb.com,Female,,Czech Republic
460,Roi,Skupinski,rskupinskicr@latimes.com,Male,,Afghanistan
461,Rhys,Clorley,rclorleycs@adobe.com,Genderqueer,,Bangladesh
462,Odie,Briztman,obriztmanct@mashable.com,Bigender,,China
463,Niki,Comer,ncomercu@reference.com,Male,,China
464,Domenico,Roddick,droddickcv@globo.com,Genderfluid,,China
465,Warden,Lintin,wlintincw@github.io,Male,,China
466,Gerianne,Cosgrove,gcosgrovecx@washington.edu,Female,,Russia
467,Yetta,Saye,ysayecy@wikia.com,Female,,China
468,Heindrick,Deignan,hdeignancz@ca.gov,Male,,Indonesia
469,Wallis,Hellicar,whellicard0@trellian.com,Female,,China
470,Deeyn,Lugton,dlugtond1@washingtonpost.com,Female,,Russia
471,Kristel,Bow,kbowd2@tinypic.com,Female,,Czech Republic
472,Maurizio,Newton,mnewtond3@marketwatch.com,Male,,Philippines
473,Ronny,Union,runiond4@amazon.co.jp,Male,,Chile
474,Mandi,Siverns,msivernsd5@who.int,Female,,Russia
475,Christie,Zorzetti,czorzettid6@mac.com,Male,,Indonesia
476,Eugenie,Harlin,eharlind7@sbwire.com,Female,,South Korea
477,Francisco,Laphorn,flaphornd8@imgur.com,Male,,Luxembourg
478,Yoshi,Foskew,yfoskewd9@msn.com,Female,Scotland,United Kingdom
479,Chrisy,Coultous,ccoultousda@loc.gov,Male,,Russia
480,Annemarie,Arkill,aarkilldb@google.cn,Female,,Philippines
481,Marietta,Dinwoodie,mdinwoodiedc@si.edu,Female,,China
482,Cassey,Elstone,celstonedd@adobe.com,Female,Setúbal,Portugal
483,Joyce,Ranyell,jranyellde@go.com,Female,,Brazil
484,Violette,Neill,vneilldf@harvard.edu,Female,Lisboa,Portugal
485,Bernarr,Jumonet,bjumonetdg@nps.gov,Male,,Poland
486,Patin,Dawltrey,pdawltreydh@telegraph.co.uk,Male,,Philippines
487,Allard,Kilban,akilbandi@ocn.ne.jp,Polygender,,Indonesia
488,Garry,Timblett,gtimblettdj@instagram.com,Male,,Japan
489,Jory,Tixall,jtixalldk@moonfruit.com,Male,,South Africa
490,Thorny,Scheffler,tschefflerdl@issuu.com,Male,Île-de-France,France
491,Georgianne,Bracci,gbraccidm@opera.com,Female,,Jamaica
492,Albina,Bleakley,ableakleydn@squidoo.com,Female,,China
493,Aurelea,Riatt,ariattdo@harvard.edu,Female,,Russia
494,Norrie,Moynihan,nmoynihandp@pinterest.com,Female,,Philippines
495,Susanne,Cornell,scornelldq@diigo.com,Agender,Region Hovedstaden,Denmark
496,Leroi,Van Geffen,lvangeffendr@google.ca,Male,,Indonesia
497,Che,Bambra,cbambrads@reuters.com,Male,,Latvia
498,Constantin,Liversage,cliversagedt@skyrock.com,Male,,China
499,Helaina,Pulbrook,hpulbrookdu@nydailynews.com,Female,,Iceland
500,Stafani,Booton,sbootondv@google.cn,Female,,Costa Rica
501,Ogden,Matessian,omatessiandw@alibaba.com,Male,,Albania
502,Stacee,Cardo,scardodx@networkadvertising.org,Male,,China
503,Ellette,Roocroft,eroocroftdy@ucoz.com,Female,,China
504,Lishe,Loughead,llougheaddz@independent.co.uk,Female,,Chad
505,Annalee,Flobert,afloberte0@amazon.de,Female,,China
506,Kary,Costan,kcostane1@clickbank.net,Female,,China
507,Nisse,Stoppard,nstopparde2@umich.edu,Female,,Thailand
508,Sibby,Tabourin,stabourine3@merriam-webster.com,Female,,China
509,Marve,Gellion,mgellione4@hubpages.com,Male,,Indonesia
510,Elle,Brentnall,ebrentnalle5@hp.com,Female,Värmland,Sweden
511,Germaine,Leggis,gleggise6@webs.com,Female,,Indonesia
512,Lianne,Adnet,ladnete7@mac.com,Female,New York,United States
513,Hugo,Paulisch,hpaulische8@cbslocal.com,Male,Lisboa,Portugal
514,Alard,Jedrys,ajedryse9@princeton.edu,Male,,Poland
515,Griz,Lankham,glankhamea@flickr.com,Male,,Brazil
516,Latashia,Tirkin,ltirkineb@wix.com,Polygender,,Belarus
517,Randolf,Bernardo,rbernardoec@unc.edu,Male,,Pakistan
518,Nehemiah,Matthai,nmatthaied@youku.com,Agender,,Ukraine
519,Nellie,Bromley,nbromleyee@psu.edu,Female,,China
520,Tod,Plume,tplumeef@tinyurl.com,Male,,Brazil
521,Gardener,Hillett,ghilletteg@prnewswire.com,Male,Provincie Noord-Holland,Netherlands
522,Alexandre,Lambrechts,alambrechtseh@cpanel.net,Polygender,,Brazil
523,Billy,Broughton,bbroughtonei@dagondesign.com,Female,,Belarus
524,Kendall,Gorden,kgordenej@fc2.com,Male,,North Korea
525,Stanwood,Ridhole,sridholeek@drupal.org,Male,,Argentina
526,Saunderson,Very,sveryel@slideshare.net,Male,,China
527,Paton,Cassey,pcasseyem@pcworld.com,Male,,Thailand
528,Phil,Penson,ppensonen@upenn.edu,Male,,Argentina
529,Denis,Trubshawe,dtrubshaweeo@bloglovin.com,Male,,Indonesia
530,Frannie,Stealy,fstealyep@elegantthemes.com,Female,,Russia
531,Shaylah,Ioselevich,sioselevicheq@homestead.com,Female,,Palestinian Territory
532,Kacey,Pesek,kpeseker@wikipedia.org,Female,,Peru
533,Katerine,Probin,kprobines@alibaba.com,Female,,Philippines
534,Celestyn,Keig,ckeiget@tripod.com,Female,,Indonesia
535,Ewan,Barkworth,ebarkwortheu@oakley.com,Male,,China
536,Marilee,Glentworth,mglentworthev@sciencedirect.com,Female,Aquitaine,France
537,Jasmin,Prinnett,jprinnettew@walmart.com,Female,,Cuba
538,Giorgio,Harsnep,gharsnepex@amazon.co.uk,Male,,Greece
539,Lin,Garnar,lgarnarey@bloglovin.com,Male,,Argentina
540,Kermit,Pouck,kpouckez@slashdot.org,Male,,Serbia
541,Cassandry,Zanolli,czanollif0@bbb.org,Female,,Bangladesh
542,Michaela,Delmage,mdelmagef1@wsj.com,Female,,Poland
543,Marius,Beach,mbeachf2@dot.gov,Male,,Palestinian Territory
544,Carie,Rooney,crooneyf3@typepad.com,Female,,Indonesia
545,Jacky,Rawll,jrawllf4@samsung.com,Genderqueer,,China
546,Reynard,Longfellow,rlongfellowf5@pcworld.com,Genderfluid,,China
547,Nate,Hughesdon,nhughesdonf6@mysql.com,Male,,China
548,Ronni,Freire,rfreiref7@tamu.edu,Female,,Uruguay
549,Spenser,Eastgate,seastgatef8@phoca.cz,Male,Saarland,Germany
550,Kathye,Wycherley,kwycherleyf9@bizjournals.com,Female,,China
551,Dora,Echlin,dechlinfa@sciencedaily.com,Female,,Russia
552,Christophorus,Whillock,cwhillockfb@pbs.org,Male,Nordrhein-Westfalen,Germany
553,Lavina,Camoletto,lcamolettofc@oracle.com,Bigender,,China
554,Pyotr,Ivanishchev,pivanishchevfd@reverbnation.com,Male,,China
555,Sammy,Stanton,sstantonfe@jimdo.com,Female,,Indonesia
556,Sinclare,Bater,sbaterff@friendfeed.com,Genderfluid,Östergötland,Sweden
557,Cesar,Beel,cbeelfg@mayoclinic.com,Male,,Indonesia
558,Allan,Dales,adalesfh@scientificamerican.com,Male,,China
559,Robb,Bonsul,rbonsulfi@twitpic.com,Male,,China
560,Bibby,Coxon,bcoxonfj@gravatar.com,Genderqueer,,Indonesia
561,Guenevere,Killick,gkillickfk@ocn.ne.jp,Bigender,,Afghanistan
562,Alvira,Cranson,acransonfl@apache.org,Agender,Missouri,United States
563,Loutitia,Miell,lmiellfm@dot.gov,Female,,China
564,Chlo,Fearon,cfearonfn@discovery.com,Bigender,,Indonesia
565,Siana,Croser,scroserfo@wsj.com,Bigender,,Ukraine
566,Drew,Kelf,dkelffp@cbc.ca,Male,Veracruz Llave,Mexico
567,Nickie,Porter,nporterfq@example.com,Male,,Brazil
568,Addy,Van Der Straaten,avanderstraatenfr@google.fr,Male,,Ukraine
569,Ervin,Egar,eegarfs@sun.com,Male,,Venezuela
570,Ambrose,Mangenet,amangenetft@symantec.com,Male,,Brazil
571,Clemens,Gouck,cgouckfu@redcross.org,Male,,Panama
572,Richmond,Filppetti,rfilppettifv@umich.edu,Genderfluid,,Japan
573,Torrin,Gorler,tgorlerfw@creativecommons.org,Male,,China
574,Pia,Buglass,pbuglassfx@smugmug.com,Female,Csongrád,Hungary
575,Evin,Esseby,eessebyfy@ihg.com,Male,,Papua New Guinea
576,Lemar,Wilkes,lwilkesfz@nih.gov,Male,,Azerbaijan
577,Shermy,Davidovits,sdavidovitsg0@kickstarter.com,Male,,Iran
578,Shayne,Heffron,sheffrong1@infoseek.co.jp,Male,Sachsen,Germany
579,Jaclyn,Crossfeld,jcrossfeldg2@google.com.hk,Agender,Alsace,France
580,Raine,Lamplugh,rlamplughg3@businessinsider.com,Female,,Indonesia
581,Beryl,Landsberg,blandsbergg4@utexas.edu,Female,,Marshall Islands
582,Grissel,Murkitt,gmurkittg5@whitehouse.gov,Female,Braga,Portugal
583,Olympie,Landsman,olandsmang6@dyndns.org,Female,,Indonesia
584,Aron,Chesman,achesmang7@ezinearticles.com,Agender,,Botswana
585,Boony,Pridmore,bpridmoreg8@tripadvisor.com,Male,,Indonesia
586,Vinson,Putland,vputlandg9@privacy.gov.au,Male,Uppsala,Sweden
587,Averell,Edridge,aedridgega@typepad.com,Male,,China
588,Loren,Vankeev,lvankeevgb@ycombinator.com,Non-binary,,Greece
589,Reggie,Gerard,rgerardgc@studiopress.com,Male,Virginia,United States
590,Noemi,McRobert,nmcrobertgd@com.com,Female,,Moldova
591,Mortie,Schankel,mschankelge@virginia.edu,Male,Cataluna,Spain
592,Carlin,Heimes,cheimesgf@meetup.com,Male,,Poland
593,Theodoric,Barmby,tbarmbygg@sun.com,Male,,Ukraine
594,Constancy,Twinberrow,ctwinberrowgh@yellowpages.com,Polygender,,China
595,Jenny,Kneeland,jkneelandgi@soundcloud.com,Female,,Indonesia
596,Johnathan,Shuard,jshuardgj@sbwire.com,Male,,Brazil
597,Byrom,Dowber,bdowbergk@4shared.com,Male,,Philippines
598,Cindi,Livesley,clivesleygl@gizmodo.com,Female,,Indonesia
599,Marrissa,Growcock,mgrowcockgm@va.gov,Female,,Russia
600,Beth,Bunten,bbuntengn@ucla.edu,Female,,Philippines
601,Marjorie,Staunton,mstauntongo@bravesites.com,Female,,South Africa
602,Evan,Hiscoke,ehiscokegp@jalbum.net,Male,,China
603,Lilyan,Dearnaly,ldearnalygq@alexa.com,Female,,China
604,Morna,Moscon,mmoscongr@diigo.com,Female,,Brazil
605,Nedi,Coltart,ncoltartgs@guardian.co.uk,Polygender,Réunion,Reunion
606,Esdras,Drake,edrakegt@symantec.com,Non-binary,,Poland
607,Rodina,Jenken,rjenkengu@eepurl.com,Female,,Bosnia and Herzegovina
608,Anabel,Seden,asedengv@tmall.com,Genderfluid,,Greece
609,Kim,Darell,kdarellgw@tiny.cc,Female,Leiria,Portugal
610,Kizzee,Vicent,kvicentgx@archive.org,Female,,China
611,Phineas,Ruste,prustegy@histats.com,Male,,Indonesia
612,Murray,Astbery,mastberygz@paypal.com,Male,,China
613,Gratia,Van der Veldt,gvanderveldth0@accuweather.com,Female,,China
614,Giulia,Shatford,gshatfordh1@blogtalkradio.com,Female,,Latvia
615,Daven,Figgs,dfiggsh2@g.co,Male,,Ireland
616,Levi,Fuzzey,lfuzzeyh3@desdev.cn,Male,,Japan
617,Alf,Tinn,atinnh4@typepad.com,Male,,China
618,Hobie,Maidment,hmaidmenth5@arizona.edu,Male,Skåne,Sweden
619,Alaric,Slowan,aslowanh6@creativecommons.org,Male,Kalmar,Sweden
620,Friedrich,Stathers,fstathersh7@intel.com,Male,,Indonesia
621,Hillard,Widd,hwiddh8@nih.gov,Male,,China
622,Albina,Bowyer,abowyerh9@soundcloud.com,Female,,Morocco
623,Arie,O'Neill,aoneillha@scientificamerican.com,Male,,Dominican Republic
624,Sibeal,Salzen,ssalzenhb@who.int,Female,,Japan
625,Theo,Gush,tgushhc@so-net.ne.jp,Male,,Philippines
626,Rosy,Povele,rpovelehd@epa.gov,Female,,China
627,Isaac,Marvel,imarvelhe@oracle.com,Male,,Moldova
628,Wendell,Thys,wthyshf@reuters.com,Male,,Russia
629,Giles,Taffie,gtaffiehg@cam.ac.uk,Male,Hessen,Germany
630,Lena,Jerzyk,ljerzykhh@tripadvisor.com,Female,,Liechtenstein
631,Maryellen,Packham,mpackhamhi@youku.com,Female,Viseu,Portugal
632,Livvie,Adrien,ladrienhj@buzzfeed.com,Female,,Cameroon
633,Bamby,Ucceli,buccelihk@is.gd,Female,,Mozambique
634,Cynthy,Burnsall,cburnsallhl@redcross.org,Female,,Indonesia
635,Brittney,Grinin,bgrininhm@nymag.com,Female,,Russia
636,Myca,Lippiello,mlippiellohn@so-net.ne.jp,Male,,China
637,Gwyneth,Headford,gheadfordho@usa.gov,Female,,South Africa
638,Matthieu,Ride,mridehp@salon.com,Genderqueer,Île-de-France,France
639,Shandra,Saunderson,ssaundersonhq@hibu.com,Female,,China
640,Shanie,Pfaff,spfaffhr@weibo.com,Female,,Tunisia
641,Lanette,Coppock.,lcoppockhs@businessinsider.com,Female,,Mongolia
642,Christel,Riddall,criddallht@unicef.org,Female,,China
643,Kailey,Ellsworthe,kellsworthehu@sitemeter.com,Polygender,,Peru
644,Pip,Klessmann,pklessmannhv@seattletimes.com,Male,,Serbia
645,Farrah,Hullin,fhullinhw@indiegogo.com,Female,,China
646,Dominique,Ferriday,dferridayhx@fotki.com,Non-binary,,Indonesia
647,Loren,Alfonsetto,lalfonsettohy@reverbnation.com,Female,,South Africa
648,Roslyn,Sofe,rsofehz@oracle.com,Female,,Thailand
649,Pennie,Raw,prawi0@bravesites.com,Female,,China
650,Renaldo,Pettisall,rpettisalli1@dropbox.com,Male,,Egypt
651,Bianca,Fyfield,bfyfieldi2@scientificamerican.com,Female,,Poland
652,Konstantine,Heffernan,kheffernani3@ucla.edu,Male,,Colombia
653,Rosella,MacNamara,rmacnamarai4@deviantart.com,Female,,Iran
654,Gerri,Craney,gcraneyi5@un.org,Male,,Brazil
655,Jarrid,Noke,jnokei6@vinaora.com,Male,,Luxembourg
656,Guillema,Bloore,gbloorei7@freewebs.com,Female,,Suriname
657,Mayne,Fones,mfonesi8@time.com,Male,,Thailand
658,Lorelle,Gillbe,lgillbei9@bandcamp.com,Female,,Brazil
659,Aubrie,Weiser,aweiseria@engadget.com,Female,,Armenia
660,Madelle,MacCarrane,mmaccarraneib@hatena.ne.jp,Female,,Vanuatu
661,Durant,Touzey,dtouzeyic@omniture.com,Male,Viseu,Portugal
662,Rayna,Brittin,rbrittinid@japanpost.jp,Non-binary,,Czech Republic
663,Spencer,Trigwell,strigwellie@java.com,Male,,Philippines
664,Mora,Kettles,mkettlesif@google.nl,Female,,Indonesia
665,Trish,Parsand,tparsandig@forbes.com,Genderfluid,Kronoberg,Sweden
666,Jilly,Antyukhin,jantyukhinih@wordpress.com,Polygender,Midi-Pyrénées,France
667,May,De Atta,mdeattaii@auda.org.au,Female,,China
668,Abeu,Callan,acallanij@tmall.com,Male,,Czech Republic
669,Ruth,Wiggin,rwigginik@istockphoto.com,Female,Champagne-Ardenne,France
670,Blondelle,Skerrett,bskerrettil@nyu.edu,Female,,China
671,Clevey,Milesop,cmilesopim@soundcloud.com,Male,,Jamaica
672,Alex,Khomich,akhomichin@booking.com,Male,,China
673,Olva,Ragsdale,oragsdaleio@zimbio.com,Female,,Palestinian Territory
674,Dorette,Clarkin,dclarkinip@tuttocitta.it,Female,,Philippines
675,Nico,Tribell,ntribelliq@harvard.edu,Male,Île-de-France,France
676,Ernest,Stoffels,estoffelsir@google.co.uk,Male,,China
677,Kare,Scouler,kscouleris@msn.com,Female,Porto,Portugal
678,Geri,Glason,gglasonit@lycos.com,Male,,China
679,Lilli,Durgan,ldurganiu@netlog.com,Female,,China
680,Brittne,Chooter,bchooteriv@techcrunch.com,Female,,Greece
681,Renie,Wenn,rwenniw@pbs.org,Female,Nord-Pas-de-Calais,France
682,Lorant,Ducarne,lducarneix@hatena.ne.jp,Male,,Philippines
683,Cornelia,Ghidini,cghidiniiy@va.gov,Female,,Uganda
684,Christy,Warnock,cwarnockiz@miibeian.gov.cn,Female,,Poland
685,Idette,Potteril,ipotterilj0@patch.com,Female,,Brazil
686,Dot,Seeborne,dseebornej1@topsy.com,Female,,Moldova
687,Giuditta,Bowditch,gbowditchj2@tripod.com,Female,,China
688,Karlie,Mingaud,kmingaudj3@washington.edu,Female,Québec,Canada
689,Rose,Burdekin,rburdekinj4@google.co.uk,Female,,Ireland
690,Ferdinanda,Aristide,faristidej5@cocolog-nifty.com,Female,,Dominican Republic
691,Andriette,Fallen,afallenj6@163.com,Female,,Poland
692,Filmer,Lorrimer,florrimerj7@domainmarket.com,Male,Manitoba,Canada
693,Carmencita,Threader,cthreaderj8@cornell.edu,Female,,Poland
694,Ermin,Cathcart,ecathcartj9@mail.ru,Male,,Yemen
695,April,Stote,astoteja@google.it,Female,,Venezuela
696,Gilly,Laweles,glawelesjb@feedburner.com,Female,,China
697,Johna,Cornford,jcornfordjc@state.gov,Female,,Ireland
698,Berti,Hutton,bhuttonjd@wp.com,Male,,China
699,Shari,Pauler,spaulerje@netlog.com,Female,Provence-Alpes-Côte d'Azur,France
700,Sukey,Wagnerin,swagnerinjf@economist.com,Bigender,,China
701,Eleni,Hessing,ehessingjg@cocolog-nifty.com,Agender,,Vietnam
702,Christiane,Klimt,cklimtjh@si.edu,Female,,Indonesia
703,Germaine,Borles,gborlesji@webmd.com,Female,,Czech Republic
704,Britt,Ossenna,bossennajj@businesswire.com,Male,,United Arab Emirates
705,Brittani,Rosendahl,brosendahljk@netscape.com,Female,Kelantan,Malaysia
706,Nicol,Gullam,ngullamjl@nydailynews.com,Male,,Georgia
707,Penelope,Geddis,pgeddisjm@unesco.org,Female,,Serbia
708,Lydia,Benedit,lbeneditjn@t-online.de,Female,,Poland
709,Rheba,Holson,rholsonjo@vinaora.com,Female,,Cape Verde
710,Reed,Vinall,rvinalljp@utexas.edu,Male,,China
711,Adrienne,Allport,aallportjq@ed.gov,Female,,Philippines
712,Genvieve,Wilstead,gwilsteadjr@webs.com,Female,,China
713,Roscoe,Peckett,rpeckettjs@joomla.org,Male,,Argentina
714,Thornie,Williscroft,twilliscroftjt@sciencedirect.com,Male,,Philippines
715,Ricki,Capsey,rcapseyju@cocolog-nifty.com,Female,,Ghana
716,Selene,Ciccone,scicconejv@umn.edu,Female,,Vietnam
717,Linn,Works,lworksjw@bluehost.com,Female,,Indonesia
718,Lilah,Brunnstein,lbrunnsteinjx@chronoengine.com,Female,,China
719,Haley,Killough,hkilloughjy@ucoz.ru,Female,,Russia
720,Marybeth,Plain,mplainjz@upenn.edu,Female,,Philippines
721,Rhona,Lyddyard,rlyddyardk0@edublogs.org,Female,,China
722,Lyell,Cranham,lcranhamk1@chron.com,Male,,Thailand
723,Diandra,Galero,dgalerok2@google.es,Female,,Bosnia and Herzegovina
724,Dinny,Dreng,ddrengk3@hugedomains.com,Female,,Afghanistan
725,Inger,Kenn,ikennk4@a8.net,Female,,Indonesia
726,Patrizio,Bohey,pboheyk5@utexas.edu,Male,,China
727,Frieda,Drewes,fdrewesk6@eepurl.com,Female,,Philippines
728,Bonni,Thraves,bthravesk7@theguardian.com,Female,,Philippines
729,Carla,Raunds,craundsk8@wordpress.com,Female,,Indonesia
730,Ardra,Weekland,aweeklandk9@sogou.com,Female,,China
731,Corella,Gherardelli,cgherardellika@phoca.cz,Female,,Poland
732,Egor,Sturney,esturneykb@ehow.com,Male,,Vanuatu
733,Jilly,Masterton,jmastertonkc@ovh.net,Female,,Palestinian Territory
734,Lay,Fri,lfrikd@oracle.com,Male,,Philippines
735,Kennith,Patsall,kpatsallke@geocities.jp,Male,,China
736,Garek,Denisovich,gdenisovichkf@ebay.com,Male,,Philippines
737,Georgina,Ledwich,gledwichkg@redcross.org,Female,,Russia
738,Philippe,Chess,pchesskh@usnews.com,Female,Santarém,Portugal
739,Heywood,Farans,hfaranski@tinypic.com,Male,,Tunisia
740,Reece,Jozsika,rjozsikakj@europa.eu,Male,Aquitaine,France
741,Tadio,Sibbson,tsibbsonkk@opensource.org,Male,,Bulgaria
742,Stormi,Shawdforth,sshawdforthkl@cmu.edu,Female,Provence-Alpes-Côte d'Azur,France
743,Glen,Jekel,gjekelkm@bbb.org,Female,,Indonesia
744,Renie,Luckman,rluckmankn@elpais.com,Female,,China
745,Hunter,Cargo,hcargoko@bloglines.com,Male,,Brazil
746,Jon,Bride,jbridekp@answers.com,Male,,Brazil
747,Garrik,Fitch,gfitchkq@sina.com.cn,Male,,Philippines
748,Lyon,Jeannon,ljeannonkr@goo.ne.jp,Male,,Russia
749,Lek,Dabell,ldabellks@marriott.com,Male,Manitoba,Canada
750,Egon,Van der Mark,evandermarkkt@cbsnews.com,Male,,Indonesia
751,Malissia,Purslow,mpurslowku@lycos.com,Female,,Philippines
752,Abeu,Harkness,aharknesskv@guardian.co.uk,Male,Île-de-France,France
753,Jerrome,Spring,jspringkw@nytimes.com,Male,,Vietnam
754,Melinde,Beardwell,mbeardwellkx@chronoengine.com,Female,,Czech Republic
755,Brina,Paty,bpatyky@mlb.com,Female,Connecticut,United States
756,Ardelis,Fitzjohn,afitzjohnkz@senate.gov,Female,Aquitaine,France
757,Marie,Stout,mstoutl0@php.net,Female,,Mauritius
758,Bernadette,Elwin,belwinl1@skyrock.com,Female,,Cuba
759,Gertrudis,Cozby,gcozbyl2@amazon.co.jp,Female,,Tanzania
760,Hadlee,Brittoner,hbrittonerl3@go.com,Male,,Greece
761,Eveline,Andreasson,eandreassonl4@dailymail.co.uk,Female,,Philippines
762,Roxie,Jochens,rjochensl5@elegantthemes.com,Female,Lorraine,France
763,Chaddy,Kiwitz,ckiwitzl6@surveymonkey.com,Male,,Serbia
764,Jobina,Butterworth,jbutterworthl7@ft.com,Female,,China
765,Anica,Wickrath,awickrathl8@soup.io,Female,,Brazil
766,Ellerey,Coen,ecoenl9@arizona.edu,Male,,Japan
767,Tamma,Raveau,traveaula@dagondesign.com,Female,,Indonesia
768,Quintina,Nicholes,qnicholeslb@umn.edu,Female,Île-de-France,France
769,Arlina,Cadreman,acadremanlc@de.vu,Genderqueer,Nova Scotia,Canada
770,Selle,Jumonet,sjumonetld@fotki.com,Female,,Poland
771,Seamus,Matelyunas,smatelyunasle@google.cn,Male,,Russia
772,Irene,Ales,ialeslf@drupal.org,Female,,China
773,Dexter,Frederick,dfredericklg@live.com,Male,,Greece
774,Arri,Rayburn,arayburnlh@i2i.jp,Male,,Turkmenistan
775,Zandra,Balam,zbalamli@etsy.com,Female,,Philippines
776,Hank,Gilks,hgilkslj@netscape.com,Male,,Japan
777,Zach,Bartoli,zbartolilk@furl.net,Male,,Japan
778,Brucie,Strelitzer,bstrelitzerll@printfriendly.com,Male,,Morocco
779,Lynelle,Wissby,lwissbylm@istockphoto.com,Female,,Bulgaria
780,Curcio,Heindl,cheindlln@themeforest.net,Male,Kronoberg,Sweden
781,Dredi,Lacy,dlacylo@indiatimes.com,Female,,China
782,Zachery,Minithorpe,zminithorpelp@vistaprint.com,Male,,China
783,Vinita,Williamson,vwilliamsonlq@fda.gov,Female,,Russia
784,Nate,Trevaskiss,ntrevaskisslr@drupal.org,Male,,Indonesia
785,Reena,Orrock,rorrockls@diigo.com,Female,,Indonesia
786,Aland,Magne,amagnelt@taobao.com,Male,,Czech Republic
787,Mayor,Gilbank,mgilbanklu@samsung.com,Male,Stockholm,Sweden
788,Coralie,Arenson,carensonlv@360.cn,Female,,Yemen
789,Dalia,Casella,dcasellalw@webnode.com,Female,,Czech Republic
790,Clotilda,Tertre,ctertrelx@youtube.com,Female,,Colombia
791,Gabriellia,Dobel,gdobelly@house.gov,Genderqueer,,Russia
792,Goldie,Fawthrop,gfawthroplz@ovh.net,Agender,,Ukraine
793,Lennie,Jurgensen,ljurgensenm0@slideshare.net,Male,Porto,Portugal
794,Maryanne,Brinsden,mbrinsdenm1@amazon.co.uk,Female,,Indonesia
795,Kristos,Limbrick,klimbrickm2@e-recht24.de,Male,,Iran
796,Ezekiel,Sealy,esealym3@vistaprint.com,Male,,Vietnam
797,Sari,Gayle,sgaylem4@squarespace.com,Female,,Democratic Republic of the Congo
798,Gilbertina,Buzzing,gbuzzingm5@theguardian.com,Female,,Philippines
799,Dion,Kisar,dkisarm6@soundcloud.com,Male,Provincie Noord-Brabant,Netherlands
800,Felike,Esselen,fesselenm7@instagram.com,Male,,Faroe Islands
801,Bronny,Janicijevic,bjanicijevicm8@adobe.com,Male,,Philippines
802,Ernie,Snoding,esnodingm9@moonfruit.com,Bigender,Guanajuato,Mexico
803,Arv,Mammatt,amammattma@google.co.uk,Polygender,,Argentina
804,Doe,Bartkowiak,dbartkowiakmb@studiopress.com,Female,,China
805,Hagen,Lethem,hlethemmc@epa.gov,Male,,China
806,Esra,Learmount,elearmountmd@naver.com,Male,,Ukraine
807,Timmie,Booty,tbootyme@scientificamerican.com,Male,Oslo,Norway
808,Anatola,Swett,aswettmf@photobucket.com,Female,,China
809,Garrick,Phillippo,gphillippomg@posterous.com,Male,,China
810,Lammond,Cosens,lcosensmh@google.com.hk,Male,,Azerbaijan
811,Yorgo,Jannasch,yjannaschmi@army.mil,Male,,Tanzania
812,Meggy,Baldi,mbaldimj@deviantart.com,Female,,Indonesia
813,Murray,Clyburn,mclyburnmk@amazonaws.com,Male,,Thailand
814,Muire,Roullier,mroullierml@usgs.gov,Female,,Colombia
815,Mathilda,Motherwell,mmotherwellmm@t.co,Female,,Cayman Islands
816,Petr,Robiot,probiotmn@sina.com.cn,Male,Chiapas,Mexico
817,Marge,Cannan,mcannanmo@prnewswire.com,Female,Île-de-France,France
818,Kinny,Le Gassick,klegassickmp@plala.or.jp,Male,,China
819,Jamil,Standall,jstandallmq@thetimes.co.uk,Male,,China
820,Moll,Demetr,mdemetrmr@dailymail.co.uk,Female,,Czech Republic
821,Agace,Shaves,ashavesms@ftc.gov,Female,,Russia
822,Meagan,Karus,mkarusmt@digg.com,Female,Bretagne,France
823,Bancroft,Eardley,beardleymu@sina.com.cn,Male,,Finland
824,Maximilian,Hanmore,mhanmoremv@prlog.org,Non-binary,,Brazil
825,Flo,Parkes,fparkesmw@ebay.co.uk,Female,,China
826,Pippo,Tonge,ptongemx@devhub.com,Male,,Russia
827,Anneliese,Hubble,ahubblemy@vkontakte.ru,Female,,Philippines
828,Matt,Culmer,mculmermz@yelp.com,Agender,,China
829,Clerissa,Chislett,cchislettn0@unicef.org,Female,,China
830,Correy,Summerill,csummerilln1@nsw.gov.au,Female,,China
831,Alic,Jimson,ajimsonn2@vistaprint.com,Male,Örebro,Sweden
832,Suzette,Quinnell,squinnelln3@google.co.jp,Female,Provincie Gelderland,Netherlands
833,Shena,Meale,smealen4@blogtalkradio.com,Female,Västra Götaland,Sweden
834,Sebastien,Kyles,skylesn5@delicious.com,Male,Évora,Portugal
835,Cori,Filippazzo,cfilippazzon6@chicagotribune.com,Male,,Indonesia
836,Keenan,Moncreiff,kmoncreiffn7@merriam-webster.com,Male,,Sri Lanka
837,Benedict,Waycott,bwaycottn8@comcast.net,Male,,Vietnam
838,Rayner,Pierson,rpiersonn9@stumbleupon.com,Male,,South Georgia and the South Sandwich Islands
839,Filbert,Shewery,fsheweryna@about.com,Male,Veracruz Llave,Mexico
840,Emmeline,Riguard,eriguardnb@1und1.de,Female,Braga,Portugal
841,Ellyn,Zannetti,ezannettinc@rakuten.co.jp,Female,,Indonesia
842,Jodi,Kleinstein,jkleinsteinnd@constantcontact.com,Agender,,Philippines
843,Laurena,Gregoretti,lgregorettine@theguardian.com,Female,,Syria
844,Russell,Matusson,rmatussonnf@cargocollective.com,Male,,Kenya
845,Kevyn,Hanbidge,khanbidgeng@businessweek.com,Female,,Russia
846,Ev,Hiseman,ehisemannh@sciencedaily.com,Male,,China
847,Gibb,Rosenhaupt,grosenhauptni@va.gov,Genderfluid,,China
848,Orazio,Degli Antoni,odegliantoninj@barnesandnoble.com,Male,Kentucky,United States
849,Risa,Trase,rtrasenk@washington.edu,Agender,,China
850,Danya,Sander,dsandernl@ifeng.com,Male,,Micronesia
851,Noel,Deschlein,ndeschleinnm@istockphoto.com,Male,,Ireland
852,Ollie,Darcy,odarcynn@cloudflare.com,Female,,Japan
853,Arther,Western,awesternno@newsvine.com,Male,District of Columbia,United States
854,Barbie,Kahen,bkahennp@vistaprint.com,Female,,China
855,Grove,Clopton,gcloptonnq@archive.org,Male,,Brazil
856,Patricia,Polk,ppolknr@vimeo.com,Female,,China
857,Shaun,Ezzell,sezzellns@senate.gov,Male,,Japan
858,Janine,Leith,jleithnt@lulu.com,Female,Nord-Pas-de-Calais,France
859,Arron,Greatbank,agreatbanknu@berkeley.edu,Male,,Indonesia
860,Georgi,Halshaw,ghalshawnv@cnn.com,Male,,Peru
861,Forrester,Bakhrushkin,fbakhrushkinnw@facebook.com,Male,,Indonesia
862,Dar,Hele,dhelenx@ifeng.com,Male,,Brazil
863,Ellary,Trussler,etrusslerny@symantec.com,Male,,Greece
864,Ruddy,Tunno,rtunnonz@deviantart.com,Male,Texas,United States
865,Von,Damato,vdamatoo0@gizmodo.com,Male,,Indonesia
866,Kirby,Clint,kclinto1@tumblr.com,Female,,Dominican Republic
867,Susanna,Kaszper,skaszpero2@webeden.co.uk,Female,,Cuba
868,Ursala,MacCallester,umaccallestero3@arizona.edu,Polygender,,Bulgaria
869,Shara,Dell Casa,sdellcasao4@reverbnation.com,Female,,Venezuela
870,Yul,Drover,ydrovero5@ow.ly,Male,,Philippines
871,Nial,McGrayle,nmcgrayleo6@mapquest.com,Male,,Peru
872,Washington,Boatswain,wboatswaino7@wikipedia.org,Male,,Indonesia
873,Sheppard,Jarrell,sjarrello8@qq.com,Male,,Russia
874,Sallyanne,Headan,sheadano9@domainmarket.com,Female,,Georgia
875,Paton,Posselow,pposselowoa@imdb.com,Male,,Panama
876,Jenifer,Sawbridge,jsawbridgeob@unblog.fr,Female,Porto,Portugal
877,Maximo,Ciementini,mciementinioc@nhs.uk,Polygender,,Russia
878,Shirley,Dinnies,sdinniesod@apache.org,Female,,Russia
879,Sly,Wallwork,swallworkoe@wiley.com,Male,,China
880,Thomasine,Weatherall,tweatherallof@drupal.org,Female,,Indonesia
881,Magdalene,Outright,moutrightog@craigslist.org,Female,,China
882,Shanda,Dewdeny,sdewdenyoh@disqus.com,Female,,Tanzania
883,Mitzi,de Aguirre,mdeaguirreoi@prweb.com,Female,,Philippines
884,Felita,Falkner,ffalkneroj@jimdo.com,Female,Texas,United States
885,Carlotta,Dewhurst,cdewhurstok@businessweek.com,Female,,China
886,Kimberlyn,Stone,kstoneol@cnbc.com,Female,,China
887,Jyoti,Hoodless,jhoodlessom@twitpic.com,Female,Québec,Canada
888,Normy,Vosper,nvosperon@friendfeed.com,Male,,Indonesia
889,Melamie,Reymers,mreymersoo@wikia.com,Female,,China
890,Laure,Halfhyde,lhalfhydeop@uiuc.edu,Female,,Argentina
891,Kaylee,Szreter,kszreteroq@ucoz.ru,Female,,Indonesia
892,Boote,Brettoner,bbrettoneror@live.com,Male,,China
893,Teddi,Lesaunier,tlesaunieros@usda.gov,Female,,Indonesia
894,Becka,Ruste,brusteot@berkeley.edu,Female,,Russia
895,Sarge,Cancellieri,scancellieriou@zimbio.com,Male,,Mauritania
896,Gibbie,Strettell,gstrettellov@exblog.jp,Male,,Ukraine
897,Dev,Perrone,dperroneow@prnewswire.com,Male,,Indonesia
898,Geri,Geeve,ggeeveox@indiegogo.com,Female,,China
899,Nickey,Weine,nweineoy@altervista.org,Male,,Vietnam
900,Valentijn,Aldwich,valdwichoz@cbslocal.com,Genderqueer,,Nigeria
901,Obadiah,O'Gorman,oogormanp0@mayoclinic.com,Male,,Lebanon
902,Leese,Muckeen,lmuckeenp1@de.vu,Female,,Syria
903,Konstantin,Stoyle,kstoylep2@surveymonkey.com,Male,,Egypt
904,Danyette,Venner,dvennerp3@indiegogo.com,Female,,Egypt
905,Tine,Dawber,tdawberp4@t-online.de,Female,,Tanzania
906,Marlyn,Cornwall,mcornwallp5@xrea.com,Genderfluid,,Brazil
907,Franklin,Spick,fspickp6@joomla.org,Male,Arizona,United States
908,Glyn,Vicent,gvicentp7@nyu.edu,Female,Limousin,France
909,Danette,Bedberry,dbedberryp8@eepurl.com,Female,,China
910,Fidole,Iorio,fioriop9@china.com.cn,Male,,Russia
911,Hurleigh,Yurlov,hyurlovpa@etsy.com,Male,,China
912,Aguie,Critchard,acritchardpb@ehow.com,Male,,Czech Republic
913,Tandie,Debrick,tdebrickpc@issuu.com,Non-binary,Leiria,Portugal
914,Tallou,Swanger,tswangerpd@uol.com.br,Female,,Albania
915,Zacharie,Gimber,zgimberpe@cisco.com,Male,,Haiti
916,Mala,Tabb,mtabbpf@ameblo.jp,Female,Stockholm,Sweden
917,Roze,Alenin,raleninpg@parallels.com,Female,,Philippines
918,Melessa,Sparkes,msparkesph@ycombinator.com,Female,,Yemen
919,Dewitt,Connichie,dconnichiepi@bbc.co.uk,Male,,China
920,Victoir,Warters,vwarterspj@oakley.com,Male,Rhône-Alpes,France
921,Raul,Voisey,rvoiseypk@irs.gov,Male,Alaska,United States
922,Arv,Titterington,atitteringtonpl@phpbb.com,Male,,China
923,Edsel,Bartlomieczak,ebartlomieczakpm@vistaprint.com,Male,Aragon,Spain
924,Keelby,Dally,kdallypn@posterous.com,Genderfluid,,Japan
925,Aleen,Fantonetti,afantonettipo@blinklist.com,Female,Viseu,Portugal
926,Donalt,Vedishchev,dvedishchevpp@webs.com,Male,,Nepal
927,Tedie,Allsworth,tallsworthpq@a8.net,Male,,Venezuela
928,Hercules,Muggleton,hmuggletonpr@typepad.com,Male,,China
929,Laurice,Coddington,lcoddingtonps@ucsd.edu,Female,,Russia
930,Denny,Nurden,dnurdenpt@go.com,Male,Värmland,Sweden
931,Kaela,Hake,khakepu@tmall.com,Female,,China
932,Gregoor,aManger,gamangerpv@skype.com,Male,,Colombia
933,Odelia,Beszant,obeszantpw@alexa.com,Female,,Japan
934,Frannie,O'Grogane,fogroganepx@4shared.com,Agender,Setúbal,Portugal
935,Roby,Coil,rcoilpy@thetimes.co.uk,Female,,Panama
936,Ewell,Jagels,ejagelspz@live.com,Agender,,China
937,Marianne,Bagniuk,mbagniukq0@delicious.com,Female,,China
938,Maisey,Mussilli,mmussilliq1@blogs.com,Female,,China
939,Sherwin,Maine,smaineq2@hc360.com,Genderqueer,,China
940,Sammy,Griffe,sgriffeq3@census.gov,Male,Durango,Mexico
941,Lane,Stubbe,lstubbeq4@booking.com,Male,,China
942,Alexina,Blazi,ablaziq5@stanford.edu,Female,,China
943,Germayne,McKelvie,gmckelvieq6@imgur.com,Male,Évora,Portugal
944,Millard,Farloe,mfarloeq7@dmoz.org,Male,,Bosnia and Herzegovina
945,Tonya,Prophet,tprophetq8@slashdot.org,Female,,Kenya
946,Whitman,Mushet,wmushetq9@rakuten.co.jp,Male,,Honduras
947,Orton,Woodes,owoodesqa@kickstarter.com,Male,,Philippines
948,Coral,Somerville,csomervilleqb@ustream.tv,Female,,Philippines
949,Glennis,Acum,gacumqc@bigcartel.com,Female,Île-de-France,France
950,Riki,Poge,rpogeqd@unblog.fr,Female,,Russia
951,Gerry,Kristoffersson,gkristofferssonqe@ameblo.jp,Female,,Russia
952,Morgen,Tarquinio,mtarquinioqf@comsenz.com,Non-binary,Hessen,Germany
953,Christiana,Klimes,cklimesqg@dailymotion.com,Female,,Peru
954,Basia,Eilhart,beilhartqh@census.gov,Female,,Republic of the Congo
955,Dorita,Dissman,ddissmanqi@hp.com,Female,,China
956,Yardley,Lautie,ylautieqj@ucsd.edu,Male,,Azerbaijan
957,Enrika,Purcer,epurcerqk@trellian.com,Non-binary,,China
958,Laney,Sterke,lsterkeql@yahoo.co.jp,Female,,Brazil
959,Levey,Hutchins,lhutchinsqm@indiegogo.com,Male,Pays de la Loire,France
960,Nevile,Simoncini,nsimonciniqn@eepurl.com,Male,,China
961,Gage,Stapleton,gstapletonqo@time.com,Genderfluid,,Philippines
962,Siward,Klosa,sklosaqp@tumblr.com,Male,,Morocco
963,Melli,Ledrane,mledraneqq@dion.ne.jp,Female,,Philippines
964,Elva,Lakenden,elakendenqr@webeden.co.uk,Female,Oaxaca,Mexico
965,Celestyn,Doale,cdoaleqs@issuu.com,Female,,Nigeria
966,Lamond,Maciak,lmaciakqt@who.int,Agender,,China
967,Kendrick,Huxter,khuxterqu@naver.com,Male,,China
968,Hesther,Burcher,hburcherqv@buzzfeed.com,Genderfluid,,Angola
969,Giraud,Garrals,ggarralsqw@plala.or.jp,Male,,Indonesia
970,Shep,Gourlie,sgourlieqx@shareasale.com,Male,,Serbia
971,Tanner,Abrahamowitcz,tabrahamowitczqy@jugem.jp,Male,,China
972,Laverna,Rogerson,lrogersonqz@linkedin.com,Genderqueer,,Russia
973,Daisy,Jime,djimer0@gravatar.com,Female,,China
974,Vernen,Well,vwellr1@cbsnews.com,Male,,China
975,Moishe,Wybourne,mwybourner2@simplemachines.org,Male,,Brazil
976,Rab,Maghull,rmaghullr3@t.co,Male,,Democratic Republic of the Congo
977,Judd,Lenden,jlendenr4@dion.ne.jp,Male,,China
978,Kitti,Charlot,kcharlotr5@cbsnews.com,Female,,Vietnam
979,Hatty,Dudney,hdudneyr6@dot.gov,Female,,China
980,Rem,Cawtheray,rcawtherayr7@google.ca,Male,,Indonesia
981,Anabelle,Kerrigan,akerriganr8@newyorker.com,Female,,Macedonia
982,Asher,Heeks,aheeksr9@phoca.cz,Male,,Brazil
983,Sallee,Corner,scornerra@discovery.com,Female,Pennsylvania,United States
984,Jenifer,Spir,jspirrb@usnews.com,Female,Veracruz Llave,Mexico
985,Pattie,Stratford,pstratfordrc@newyorker.com,Male,,China
986,Tibold,Estrella,testrellard@hibu.com,Male,,China
987,Ibrahim,Puller,ipullerre@xinhuanet.com,Male,,China
988,Biron,Adlard,badlardrf@irs.gov,Male,,Gambia
989,Pincas,Vear,pvearrg@smugmug.com,Male,,Philippines
990,Jewel,Edmott,jedmottrh@nytimes.com,Female,,Dominican Republic
991,Aprilette,Winpenny,awinpennyri@google.cn,Female,,Serbia
992,Dietrich,Bickerstaff,dbickerstaffrj@networksolutions.com,Male,,China
993,Monty,Peteri,mpeterirk@multiply.com,Male,,Brazil
994,Eamon,Liddy,eliddyrl@dailymail.co.uk,Male,,Thailand
995,Paule,Bernakiewicz,pbernakiewiczrm@loc.gov,Female,,China
996,Elysia,Caisley,ecaisleyrn@skype.com,Female,Colorado,United States
997,Dion,Rosenboim,drosenboimro@typepad.com,Male,,Thailand
998,Muffin,Charley,mcharleyrp@twitter.com,Female,,Brazil
999,Aeriel,Laye,alayerq@sohu.com,Female,,China
1000,Job,Cashman,jcashmanrr@yahoo.com,Male,,Japan
